\ufeffexercicio,grupo_muscular,regiao_anatomica,status_vinculo_automatico,gif_masculino_catalogo,gif_feminino_url_revisado
"Supino reto com barra","Peito","Peitoral","com GIF revisado","EXERCÍCIOS COM BARRAS/PEITO/Barbell-Bench-Press_Chest-FIX2__converted.gif","https://drive.usercontent.google.com/download?id=1B5w3919f20qo0gDarihzlkLXQGxPvC2Z&export=download&confirm=t"
"Supino inclinado com halteres","Peito","Peitoral superior","com GIF revisado","EXERCÍCIOS COM HALTERES/PEITO/Dumbbell-Palms-In-Incline-Bench-Press_converted.gif",""
"Crucifixo na máquina","Peito","Peitoral","com GIF revisado","EXERCÍCIOS NA MAQUINA - HACK - BANCO/PEITO/Lever-Pec-Deck-Fly_Chest__converted.gif",""
"Puxada frontal","Costas","Dorsais","com GIF revisado","EXERCÍCIOS NO CABO  OU POLIA/COSTAS/Cable-Lat-Pulldown-Full-Range-Of-Motion_Back__converted.gif",""
"Remada baixa","Costas","Dorsais e região central das costas","com GIF revisado","EXERCÍCIOS NO CABO  OU POLIA/COSTAS/Cable-Seated-Row_Back-FIX__converted.gif",""
"Remada unilateral com halter","Costas","Dorsais","com GIF revisado","EXERCÍCIOS COM HALTERES/COSTAS/Dumbbell-Bent-Over-Row_Back-FIX__converted.gif",""
"Desenvolvimento com halteres","Ombros","Ombros","com GIF revisado","EXERCÍCIOS COM HALTERES/OMBRO/Dumbbell-Alternate-Shoulder-Press-(male)_Shoulders_converted.gif",""
"Elevação lateral","Ombros","Ombros","com GIF revisado","EXERCÍCIOS COM HALTERES/OMBRO/Dumbbell-One-Arm-Lateral-Raise_Shoulder_converted.gif",""
"Face pull","Ombros","Ombro posterior","com GIF revisado","EXERCÍCIOS NO CABO  OU POLIA/COSTAS/Cable-Standing-Face-Pull_Shoulders__converted.gif",""
"Rosca direta com barra","Bíceps","Parte frontal do braço","com GIF revisado","EXERCÍCIOS COM BARRAS/BICEPS/Barbell-Curl_Upper-Arms-FIX2__converted.gif","https://drive.usercontent.google.com/download?id=1rl7woNEiGKv6tFmt01MR5VFjjKFB8e9N&export=download&confirm=t"
"Rosca alternada com halteres","Bíceps","Parte frontal do braço","com GIF revisado","EXERCÍCIOS COM HALTERES/BICEPS/Dumbbell-Alternate-Biceps-Curl_Upper-Arms-FIX__converted.gif",""
"Rosca martelo","Bíceps","Bíceps e antebraço","com GIF revisado","EXERCÍCIOS COM HALTERES/BICEPS/Dumbbell-Alternate-Hammer-Srtict-Curl_Upper-Arms__converted.gif",""
"Tríceps na polia","Tríceps","Parte posterior do braço","com GIF revisado","EXERCÍCIOS NO CABO  OU POLIA/TRICEPS/Cable-Pushdown_Upper-Arms-FIX__converted.gif","https://drive.usercontent.google.com/download?id=13LYDVKuyYfcK9QRgQ81v-volkDohN6b_&export=download&confirm=t"
"Tríceps francês","Tríceps","Parte posterior do braço","com GIF revisado","EXERCÍCIOS COM HALTERES/TRICEPS/Dumbbell-Standing-French-Press_Upper-Arms__converted.gif",""
"Rosca de punho","Antebraço","Antebraços","com GIF revisado","EXERCÍCIOS COM BARRAS/ANTEBRAÇO/Barbell-Wrist-Curl-(VERSION-2)_Forearms-FIX2__converted.gif",""
"Agachamento livre","Quadríceps","Coxas e glúteos","com GIF revisado","EXERCÍCIOS COM BARRAS/PERNA/Barbell-Full-Squat_Thighs-FIX__converted.gif",""
"Leg press 45°","Quadríceps","Coxas","com GIF revisado","EXERCÍCIOS NA MAQUINA - HACK - BANCO/PERNA/Sled-45-degrees-Leg-Press_Hips-FIX__converted.gif","https://drive.usercontent.google.com/download?id=1Yq6sh731TA9h-coZG2s-QxXlAjFT4i-I&export=download&confirm=t"
"Cadeira extensora","Quadríceps","Parte frontal da coxa","com GIF revisado","EXERCÍCIOS NA MAQUINA - HACK - BANCO/PERNA/Lever-Leg-Extension_Thighs_converted.gif",""
"Mesa flexora","Posteriores","Parte posterior da coxa","com GIF revisado","EXERCÍCIOS NA MAQUINA - HACK - BANCO/PERNA/Lever-Lying-Leg-Curl_Thighs-FIX__converted.gif",""
"Levantamento terra romeno","Posteriores","Posteriores da coxa","com GIF revisado","EXERCÍCIOS COM BARRAS/PERNA/Barbell-Romanian-Deadlift_Hips-FIX__converted.gif","https://drive.usercontent.google.com/download?id=1evvMOr_8_se0qGOKK2pcqnmh6XKw-TcM&export=download&confirm=t"
"Hip thrust","Glúteos","Glúteos","com GIF revisado","EXERCÍCIOS COM BARRAS/PERNA/Barbell-Hip-Thrust_Hips-FIX__converted.gif","https://drive.usercontent.google.com/download?id=1qzWAHHXJj32jPXQQt03KFZQELrL-pTUh&export=download&confirm=t"
"Panturrilha em pé","Panturrilhas","Panturrilhas","com GIF revisado","EXERCÍCIOS COM HALTERES/PANTURRILHAS/Dumbbell-Standing-Calf-Raise_Calves-FIX__converted.gif",""
"Prancha abdominal","Core","Abdômen e tronco","sem vínculo automático","",""
"Abdominal na máquina","Abdômen","Abdômen","sem vínculo automático","",""
"Flexão de braços","Peito","Peitoral","com GIF revisado","EXERCÍCIOS COM HALTERES/PEITO/Deep-Push-Up_Chest_converted.gif",""
"Agachamento com peso corporal","Quadríceps","Coxas e glúteos","sem vínculo automático","",""
"Avanço com peso corporal","Quadríceps","Coxas e glúteos","sem vínculo automático","",""
"Alongamento de peitoral","Peito","Peitoral","sem vínculo automático","",""
"Alongamento de quadríceps","Quadríceps","Parte frontal da coxa","sem vínculo automático","",""
"Mobilidade de quadril","Mobilidade","Quadril","sem vínculo automático","",""
"Bicicleta ergométrica","Cardio","Condicionamento cardiovascular","sem vínculo automático","",""
"Esteira","Cardio","Condicionamento cardiovascular","sem vínculo automático","",""
"Elíptico","Cardio","Condicionamento cardiovascular","com GIF revisado","EXERCÍCIOS NA MAQUINA - HACK - BANCO/PERNA/Lever-Elliptical-Static-Walk_Cardio_converted.gif",""
"Supino declinado com barra","Peito","Peitoral inferior","com GIF revisado","EXERCÍCIOS COM BARRAS/PEITO/Barbell-Decline-Bench-Press_Chest-FIX__converted.gif",""
"Crossover na polia","Peito","Peitoral","com GIF revisado","EXERCÍCIOS NO CABO  OU POLIA/PEITO/Cable-Standing-Crossover-(male)_Chest__converted.gif",""
"Pullover com halter","Peito","Peitoral e dorsais","com GIF revisado","EXERCÍCIOS COM HALTERES/PEITO/Dumbbell-Pullover_Chest_converted.gif",""
"Barra fixa","Costas","Dorsais","sem vínculo automático","",""
"Remada curvada com barra","Costas","Dorsais e região central das costas","com GIF revisado","EXERCÍCIOS COM BARRAS/COSTAS/Barbell-Bent-Over-Row_Back__converted.gif","https://drive.usercontent.google.com/download?id=1K0h1jwWznAaU0dk0W3nh0L9lQsNOy98f&export=download&confirm=t"
"Remada cavalinho","Costas","Dorsais","com GIF revisado","EXERCÍCIOS NA MAQUINA - HACK - BANCO/COSTAS/Lever-Lying-T-bar-Row_Back_converted.gif",""
"Pulldown com braços estendidos","Costas","Dorsais","com GIF revisado","EXERCÍCIOS NO CABO  OU POLIA/COSTAS/Cable-Straight-Arm-Pulldown_Back-FIX__converted.gif","https://drive.usercontent.google.com/download?id=1NEK5GY2HinQBD-IPuuHBRMYqRXLQjjYO&export=download&confirm=t"
"Encolhimento com halteres","Trapézio","Trapézio","com GIF revisado","EXERCÍCIOS COM HALTERES/TRAPÉZIO/Dumbbell-Shrug_Back-FIX__converted.gif","https://drive.usercontent.google.com/download?id=1uZvW_-5BhBMgDLC86BhxMUvLUDcL6SFt&export=download&confirm=t"
"Desenvolvimento militar com barra","Ombros","Ombros","com GIF revisado","EXERCÍCIOS COM BARRAS/OMBROS/Barbell-Standing-Military-Press-(without-rack)_Shoulders_converted.gif",""
"Elevação frontal","Ombros","Ombro anterior","com GIF revisado","EXERCÍCIOS COM HALTERES/OMBRO/Dumbbell-One-Arm-Front-Raise_Shoulders__converted.gif",""
"Crucifixo inverso","Ombros","Ombro posterior","com GIF revisado","EXERCÍCIOS COM HALTERES/TRAPÉZIO/Dumbbell-Rear-Delt-Raise_Shoulders_converted.gif",""
"Rosca Scott","Bíceps","Parte frontal do braço","com GIF revisado","EXERCÍCIOS COM BARRAS/BICEPS/Barbell-Preacher-Curl_Upper-Arms_converted.gif","https://drive.usercontent.google.com/download?id=1c3FTQIri8otvYqzoDZLgKbx9LYWiAgEN&export=download&confirm=t"
"Rosca concentrada","Bíceps","Parte frontal do braço","com GIF revisado","EXERCÍCIOS COM HALTERES/BICEPS/Dumbbell-Concentration-Curl_Upper-Arms-FIX__converted.gif","https://drive.usercontent.google.com/download?id=1XPrSOuVXvymdzsQxtLZ2oeesbIfRswNt&export=download&confirm=t"
"Rosca na polia","Bíceps","Parte frontal do braço","com GIF revisado","EXERCÍCIOS NO CABO  OU POLIA/BICEPS/Cable-Curl-(male)_Upper-Arms-FIX__converted.gif",""
"Tríceps testa","Tríceps","Parte posterior do braço","com GIF revisado","EXERCÍCIOS COM BARRAS/TRICEPS/Barbell-Lying-Triceps-Extension-Skull-Crusher_Upper-Arms_converted.gif",""
"Tríceps coice","Tríceps","Parte posterior do braço","com GIF revisado","EXERCÍCIOS COM HALTERES/TRICEPS/Dumbbell-Kickback_Upper-Arms_converted.gif",""
"Mergulho nas paralelas","Tríceps","Parte posterior do braço","sem vínculo automático","",""
"Agachamento sumô","Glúteos","Glúteos e coxas","com GIF revisado","EXERCÍCIOS COM BARRAS/PERNA/Barbell-sumo-squat_Thighs_converted.gif","https://drive.usercontent.google.com/download?id=1kRha3M7tDvdiHpgE6ZPB3mU2QHRlpBqa&export=download&confirm=t"
"Agachamento búlgaro","Quadríceps","Coxas e glúteos","com GIF revisado","EXERCÍCIOS COM HALTERES/PERNA/Dumbbell-Bulgarian-Split-Squat-with-Support-(male)_converted.gif","https://drive.usercontent.google.com/download?id=1-GgjI3AlcYSkY6v59PvS-IgcWTUWjnqk&export=download&confirm=t"
"Hack squat","Quadríceps","Parte frontal da coxa","com GIF revisado","EXERCÍCIOS NA MAQUINA - HACK - BANCO/PERNA/Sled-Hack-Squat_Hips_converted.gif",""
"Cadeira adutora","Adutores","Parte interna da coxa","com GIF revisado","EXERCÍCIOS NA MAQUINA - HACK - BANCO/PERNA/Lever-Seated-Hip-Adduction_Thighs_converted.gif",""
"Cadeira abdutora","Abdutores","Parte externa da coxa","com GIF revisado","EXERCÍCIOS NA MAQUINA - HACK - BANCO/PERNA/Lever-Seated-Hip-Abduction_Hips-FIX__converted.gif",""
"Stiff com halteres","Posteriores","Posteriores da coxa","com GIF revisado","EXERCÍCIOS COM HALTERES/PERNA/Dumbbell-Stiff-Leg-Deadlift_Hips_converted.gif","https://drive.usercontent.google.com/download?id=1nPGfstmqWEWOO0AjUdjZ-IsUh6TX-Aid&export=download&confirm=t"
"Cadeira flexora","Posteriores","Parte posterior da coxa","com GIF revisado","EXERCÍCIOS NA MAQUINA - HACK - BANCO/PERNA/Lever-Seated-Leg-Curl_Thighs-FIX__converted.gif",""
"Glúteo na polia","Glúteos","Glúteos","com GIF revisado","EXERCÍCIOS NO CABO  OU POLIA/PERNA/Cable-Donkey-Kickback-(male)_Hips__converted.gif",""
"Panturrilha sentada","Panturrilhas","Panturrilhas","com GIF revisado","EXERCÍCIOS NA MAQUINA - HACK - BANCO/PANTURRILHA/Lever-Seated-Calf-Raise-(plate-loaded)_converted.gif",""
"Abdominal supra","Abdômen","Abdômen","com GIF revisado","EXERCÍCIOS NA MAQUINA - HACK - BANCO/ABDOMINAIS/Decline-Crunch_Waist_converted.gif",""
"Abdominal infra","Abdômen","Abdômen inferior","sem vínculo automático","",""
"Abdominal oblíquo","Abdômen","Laterais do abdômen","sem vínculo automático","",""
"Prancha lateral","Core","Região central lateral","sem vínculo automático","",""
"Elevação de pernas","Abdômen","Abdômen inferior","sem vínculo automático","",""
"Burpee","Cardio","Condicionamento cardiovascular","sem vínculo automático","",""
"Corda naval","Cardio","Condicionamento cardiovascular","sem vínculo automático","",""
"Remo ergométrico","Cardio","Condicionamento cardiovascular","com GIF revisado","EXERCÍCIOS NA MAQUINA - HACK - BANCO/PERNA/Rowing-(with-rowing-machine)_Cardio_converted.gif",""
"Escada ergométrica","Cardio","Condicionamento cardiovascular","sem vínculo automático","",""
"Mobilidade de ombros","Mobilidade","Ombros","sem vínculo automático","",""
"Mobilidade de tornozelo","Mobilidade","Tornozelos","sem vínculo automático","",""
"Alongamento de posteriores","Posteriores","Parte posterior da coxa","sem vínculo automático","",""
"Alongamento de panturrilha","Panturrilhas","Panturrilhas","sem vínculo automático","",""
"Alongamento de dorsais","Costas","Dorsais","sem vínculo automático","",""
"Supino reto na máquina","Peito","Peitoral","com GIF revisado","EXERCÍCIOS NA MAQUINA - HACK - BANCO/PEITO/Lever-Chest-Press_Chest-FIX__converted.gif",""
"Supino inclinado na máquina","Peito","Peitoral superior","com GIF revisado","EXERCÍCIOS NA MAQUINA - HACK - BANCO/PEITO/Lever-Incline-Chest-Press_Chest-FIX2__converted.gif",""
"Chest press articulado","Peito","Peitoral","com GIF revisado","EXERCÍCIOS NA MAQUINA - HACK - BANCO/PEITO/Lever-Chest-Press_Chest-FIX__converted.gif",""
"Crucifixo com halteres","Peito","Peitoral","com GIF revisado","EXERCÍCIOS COM HALTERES/PEITO/Hyght-Dumbbell-Fly_Chest__converted.gif",""
"Crucifixo na polia baixa","Peito","Peitoral superior","com GIF revisado","EXERCÍCIOS NO CABO  OU POLIA/PEITO/Cable-Low-Fly_Chest-FIX2__converted.gif",""
"Crucifixo na polia alta","Peito","Peitoral inferior","sem vínculo automático","",""
"Flexão inclinada","Peito","Peitoral inferior","com GIF revisado","EXERCÍCIOS NA MAQUINA - HACK - BANCO/PEITO/Incline-Push-up-on-a-Smith-Bar-(male)_Chest__converted.gif",""
"Flexão declinada","Peito","Peitoral superior","sem vínculo automático","",""
"Puxada neutra na máquina","Costas","Dorsais","com GIF revisado","EXERCÍCIOS NO CABO  OU POLIA/COSTAS/Cable-Neutral-Grip-Lat-Pulldown-(male)_Back__converted.gif",""
"Puxada supinada","Costas","Dorsais","com GIF revisado","EXERCÍCIOS NO CABO  OU POLIA/COSTAS/Cable-Underhand-Pulldown_Back_converted.gif",""
"Remada articulada","Costas","Dorsais e romboides","com GIF revisado","EXERCÍCIOS NA MAQUINA - HACK - BANCO/COSTAS/Lever-Seated-Row_Back_converted.gif",""
"Remada alta na polia","Trapézio","Trapézio","com GIF revisado","EXERCÍCIOS COM BARRAS/OMBROS/Barbell-Upright-Row_shoulder_converted.gif",""
"Remada máquina com apoio","Costas","Dorsais","com GIF revisado","EXERCÍCIOS NA MAQUINA - HACK - BANCO/COSTAS/Lever-High-Row-(plate-loaded)_Back_converted.gif",""
"Graviton barra assistida","Costas","Dorsais","com GIF revisado","EXERCÍCIOS NA MAQUINA - HACK - BANCO/COSTAS/Assisted-Pull-up_Back_converted.gif",""
"Pullover na máquina","Costas","Dorsais","com GIF revisado","EXERCÍCIOS NA MAQUINA - HACK - BANCO/PEITO/Lever-Pullover-(plate-loaded)_Back__converted.gif",""
"Desenvolvimento na máquina","Ombros","Ombros","com GIF revisado","EXERCÍCIOS NA MAQUINA - HACK - BANCO/OMBRO/Lever-Seated-Shoulder-Press_Shoulders-FIX__converted.gif",""
"Desenvolvimento Arnold","Ombros","Ombros","com GIF revisado","EXERCÍCIOS COM HALTERES/PEITO/Dumbbell-Seated-Reverse-Arnold-Press-(male)_Should_converted.gif",""
"Elevação lateral na máquina","Ombros","Ombro lateral","com GIF revisado","EXERCÍCIOS NA MAQUINA - HACK - BANCO/OMBRO/Lever-Lateral-Raise_shoulder_converted.gif",""
"Elevação lateral na polia","Ombros","Ombro lateral","com GIF revisado","EXERCÍCIOS NO CABO  OU POLIA/OMBRO/Cable-Lateral-Raise_shoulder_converted.gif","https://drive.usercontent.google.com/download?id=1CyC5l7_Yul5vg5C2fePAGZvoMmL73R8Y&export=download&confirm=t"
"Elevação frontal com anilha","Ombros","Ombro anterior","sem vínculo automático","",""
"Crucifixo inverso na máquina","Ombros","Ombro posterior","sem vínculo automático","",""
"Rotação externa na polia","Ombros","Ombro posterior","sem vínculo automático","",""
"Rosca bíceps na máquina","Bíceps","Parte frontal do braço","com GIF revisado","EXERCÍCIOS NA MAQUINA - HACK - BANCO/BICEPS/Lever-Biceps-Curl_Upper-Arms__converted.gif",""
"Rosca Scott na máquina","Bíceps","Parte frontal do braço","com GIF revisado","EXERCÍCIOS NA MAQUINA - HACK - BANCO/BICEPS/Lever-Preacher-Curl_Upper-Arms-FIX__converted.gif",""
"Rosca inclinada com halteres","Bíceps","Parte frontal do braço","com GIF revisado","EXERCÍCIOS COM HALTERES/BICEPS/Dumbbell-Incline-Curl_Upper-Arms-FIX__converted.gif",""
"Rosca 21","Bíceps","Parte frontal do braço","sem vínculo automático","",""
"Rosca inversa com barra","Antebraço","Antebraços","com GIF revisado","EXERCÍCIOS COM BARRAS/ANTEBRAÇO/Barbell-Reverse-Curl_Forearm_converted.gif",""
"Extensão de punho","Antebraço","Antebraços","com GIF revisado","EXERCÍCIOS COM BARRAS/ANTEBRAÇO/Barbell-Standing-Wrist-Reverse-Curl_Forearms__converted.gif",""
"Flexão de punho","Antebraço","Antebraços","com GIF revisado","EXERCÍCIOS COM BARRAS/ANTEBRAÇO/Barbell-Palms-Down-Wrist-Curl-Over-A-Bench_Forearms_converted.gif",""
"Farmer walk","Antebraço","Antebraços","com GIF revisado","EXERCÍCIOS COM HALTERES/PERNA/Farmers-walk_Cardio-FIX__converted.gif",""
"Tríceps na máquina","Tríceps","Parte posterior do braço","com GIF revisado","EXERCÍCIOS NA MAQUINA - HACK - BANCO/TRICEPS/Lever-Triceps-Extension_Upper-Arms_converted.gif",""
"Tríceps corda","Tríceps","Parte posterior do braço","com GIF revisado","EXERCÍCIOS NO CABO  OU POLIA/TRICEPS/Cable-Pushdown-(with-rope-attachment)_Upper-Arms-FIX__converted.gif",""
"Tríceps unilateral na polia","Tríceps","Parte posterior do braço","sem vínculo automático","",""
"Mergulho no banco","Tríceps","Parte posterior do braço","com GIF revisado","EXERCÍCIOS COM HALTERES/TRICEPS/Dumbbell-Bench-Dip_Upper-Arms__converted.gif",""
"Leg press horizontal","Quadríceps","Coxas","com GIF revisado","EXERCÍCIOS NA MAQUINA - HACK - BANCO/PERNA/Lever-Horizontal-Leg-Press_Thighs__converted.gif",""
"Leg press vertical","Quadríceps","Coxas","com GIF revisado","EXERCÍCIOS NA MAQUINA - HACK - BANCO/PERNA/Lever-Vertical-Leg-Press-(male)_Thighs__converted.gif",""
"Agachamento no Smith","Quadríceps","Coxas e glúteos","com GIF revisado","EXERCÍCIOS NA MAQUINA - HACK - BANCO/PERNA/Smith-Squat_Hips__converted.gif",""
"Passada no Smith","Quadríceps","Coxas e glúteos","sem vínculo automático","",""
"Extensão de quadril na máquina","Glúteos","Glúteos","com GIF revisado","EXERCÍCIOS NA MAQUINA - HACK - BANCO/PERNA/Lever-Hip-Extension-(VERSION-2)_Hips__converted.gif",""
"Coice na máquina","Glúteos","Glúteos","sem vínculo automático","",""
"Glúteo quatro apoios","Glúteos","Glúteos","sem vínculo automático","",""
"Elevação pélvica na máquina","Glúteos","Glúteos","com GIF revisado","EXERCÍCIOS NA MAQUINA - HACK - BANCO/PERNA/Lever-Hip-Thrust-(plate-loaded)-(male)_Hips__converted.gif",""
"Flexora em pé unilateral","Posteriores","Parte posterior da coxa","com GIF revisado","EXERCÍCIOS NO CABO  OU POLIA/PERNA/Cable-Standing-Leg-Curl_Thighs__converted.gif",""
"Bom dia com barra","Posteriores","Posteriores da coxa","com GIF revisado","EXERCÍCIOS COM BARRAS/PERNA/Barbell-Good-Morning_Thighs-FIX__converted.gif",""
"Panturrilha no leg press","Panturrilhas","Panturrilhas","com GIF revisado","EXERCÍCIOS NA MAQUINA - HACK - BANCO/PANTURRILHA/Sled-Calf-Press-On-Leg-Press_Calves-FIX__converted.gif","https://drive.usercontent.google.com/download?id=1tPXzwX9JVQs_lI446QCE6jfJtCD_C0FB&export=download&confirm=t"
"Panturrilha no Smith","Panturrilhas","Panturrilhas","com GIF revisado","EXERCÍCIOS NA MAQUINA - HACK - BANCO/PANTURRILHA/Smith-Calf-Raise-(version-2)_Calves-FIX__converted.gif",""
"Abdominal na polia","Abdômen","Abdômen","com GIF revisado","EXERCÍCIOS NO CABO  OU POLIA/ABDOMINAIS/Cable-Kneeling-Crunch_Waist-FIX2__converted.gif",""
"Abdominal no banco declinado","Abdômen","Abdômen","com GIF revisado","EXERCÍCIOS NA MAQUINA - HACK - BANCO/ABDOMINAIS/Decline-Crunch_Waist_converted.gif",""
"Abdominal remador","Abdômen","Abdômen","sem vínculo automático","",""
"Woodchopper na polia","Core","Região central lateral","com GIF revisado","EXERCÍCIOS NO CABO  OU POLIA/ABDOMINAIS/Cable-High-to-Low-Woodchopper-(male)_Waist__converted.gif",""
"Hiperextensão lombar","Lombar","Região lombar","com GIF revisado","EXERCÍCIOS NA MAQUINA - HACK - BANCO/ABDOMINAIS/Lever-Back-Extension_Waist_converted.gif",""
"Sled push","Cardio","Condicionamento cardiovascular","sem vínculo automático","",""
"Air bike","Cardio","Condicionamento cardiovascular","sem vínculo automático","",""
